{"accuracy": [0.4858490526676178, 0.5283018946647644, 0.5023584961891174, 0.4929245412349701, 0.5424528121948242, 0.5589622855186462, 0.5636792182922363, 0.5566037893295288, 0.5424528121948242, 0.5141509175300598, 0.5165094137191772, 0.5094339847564697, 0.5660377144813538, 0.5424528121948242, 0.5636792182922363, 0.5495283007621765, 0.5849056839942932, 0.5566037893295288, 0.5471698045730591, 0.5613207817077637, 0.5424528121948242], "loss": [0.6964999437332153, 0.6918630599975586, 0.6939911246299744, 0.6936759352684021, 0.6903396248817444, 0.686196506023407, 0.6840407848358154, 0.685088038444519, 0.6804341077804565, 0.6936975717544556, 0.6960588693618774, 0.6915416121482849, 0.6873703002929688, 0.6844736337661743, 0.6822696924209595, 0.6903411149978638, 0.6873741149902344, 0.6879765391349792, 0.6860711574554443, 0.6784971952438354, 0.6899892091751099], "val_accuracy": [0.5046728849411011, 0.4579439163208008, 0.4953271150588989, 0.4953271150588989, 0.5046728849411011, 0.4953271150588989, 0.4953271150588989, 0.4859813153743744, 0.47663551568984985, 0.4859813153743744, 0.5327102541923523, 0.5420560836791992, 0.5046728849411011, 0.5233644843101501, 0.5327102541923523, 0.5327102541923523, 0.5327102541923523, 0.5327102541923523, 0.5327102541923523, 0.5046728849411011, 0.514018714427948], "val_loss": [0.7030575275421143, 0.7092000842094421, 0.7157856822013855, 0.726332426071167, 0.7412514090538025, 0.7529358267784119, 0.7612460851669312, 0.7772960066795349, 0.802202582359314, 0.8058986663818359, 0.7846507430076599, 0.7797847986221313, 0.7939702868461609, 0.8250438570976257, 0.8221897482872009, 0.7912689447402954, 0.779503345489502, 0.8005947470664978, 0.8026759028434753, 0.8021506071090698, 0.8012718558311462]}